<?xml version="1.0" encoding="utf-8" standalone="yes" ?>
<rss version="2.0" xmlns:atom="http://www.w3.org/2005/Atom">
  <channel>
    <title>Posts | Linzhu Yue</title>
    <link>https://linzhuyue.github.io/post/</link>
      <atom:link href="https://linzhuyue.github.io/post/index.xml" rel="self" type="application/rss+xml" />
    <description>Posts</description>
    <generator>Wowchemy (https://wowchemy.com)</generator><language>en-us</language><lastBuildDate>Sat, 13 Aug 2022 00:00:00 +0000</lastBuildDate>
    <image>
      <url>https://linzhuyue.github.io/media/icon_hu04041fa2424d3f847c76b598ce521e02_94882_512x512_fill_lanczos_center_3.png</url>
      <title>Posts</title>
      <link>https://linzhuyue.github.io/post/</link>
    </image>
    
    <item>
      <title>I focus on research quadruped walking with two pint feet, recently.</title>
      <link>https://linzhuyue.github.io/post/two_leg_walking/</link>
      <pubDate>Sat, 13 Aug 2022 00:00:00 +0000</pubDate>
      <guid>https://linzhuyue.github.io/post/two_leg_walking/</guid>
      <description>&lt;h2 id=&#34;overview&#34;&gt;Overview&lt;/h2&gt;
&lt;ol&gt;
&lt;li&gt;Will be releasing soon.&lt;/li&gt;
&lt;/ol&gt;
</description>
    </item>
    
  </channel>
</rss>
