
    
    
    
    
    
    
    
    
    
    [{"authors":null,"categories":null,"content":"A PhD with a passion for legged robots, focusing on how to use optimal control and RL-based control to make legged robots more agile, such as jumping, parkour, plummeting, and adapting to uneven terrains.  Download my Simple CV .\n","date":1663027200,"expirydate":-62135596800,"kind":"term","lang":"en","lastmod":1670889600,"objectID":"2525497d367e79493fd32b198b28f040","permalink":"","publishdate":"0001-01-01T00:00:00Z","relpermalink":"","section":"authors","summary":"A PhD with a passion for legged robots, focusing on how to use optimal control and RL-based control to make legged robots more agile, such as jumping, parkour, plummeting, and adapting to uneven terrains.","tags":null,"title":"Linzhu Yue","type":"authors"},{"authors":[],"categories":null,"content":" Click on the Slides button above to view the built-in slides feature.   Slides can be added in a few ways:\n Create slides using Wowchemy’s Slides feature and link using slides parameter in the front matter of the talk file Upload an existing slide deck to static/ and link using url_slides parameter in the front matter of the talk file Embed your slides (e.g. Google Slides) or presentation video on this page using shortcodes.  Further event details, including page elements such as image galleries, can be added to the body of this page.\n","date":1906549200,"expirydate":-62135596800,"kind":"page","lang":"en","lastmod":1906549200,"objectID":"a8edef490afe42206247b6ac05657af0","permalink":"https://linzhuyue.github.io/talk/example-talk/","publishdate":"2017-01-01T00:00:00Z","relpermalink":"/talk/example-talk/","section":"event","summary":"An example talk using Wowchemy's Markdown slides feature.","tags":[],"title":"Example Talk","type":"event"},{"authors":["Gilbert Feng","Hongbo Zhang","Zhongyu Li","Xue Bin Peng","Bhuvan Basireddy","Linzhu Yue","Zhitao Song","Lizhi Yang","Yunhui Liu","Koushil Sreenath","Sergey Levine"],"categories":null,"content":"","date":1663027200,"expirydate":-62135596800,"kind":"page","lang":"en","lastmod":1663027200,"objectID":"0ef50bb9d44160ffa7783ce74c6df440","permalink":"https://linzhuyue.github.io/publication/genloco_hb/","publishdate":"2022-09-13T00:00:00Z","relpermalink":"/publication/genloco_hb/","section":"publication","summary":"A framework for training generalized locomotion (GenLoco) controllers for quadrupedal robots.","tags":[],"title":"GenLoco: Generalized Locomotion Controllers for Quadrupedal Robots","type":"publication"},{"authors":["Linzhu Yue","zhitao Song"],"categories":null,"content":"Overview  Will be releasing soon.  ","date":1660348800,"expirydate":-62135596800,"kind":"page","lang":"en","lastmod":1670889600,"objectID":"c725cff5cd9e4dd749f3599fdcb936f6","permalink":"https://linzhuyue.github.io/post/two_leg_walking/","publishdate":"2022-08-13T00:00:00Z","relpermalink":"/post/two_leg_walking/","section":"post","summary":"We divide this method into three step. 1, stand up with our jumping algorithm, 2, jumping with SLIP model 3, HZD or MPC+WBC walking.","tags":["Optimal control","Quadruped Robot"],"title":"I focus on research quadruped walking with two pint feet, recently.","type":"post"},{"authors":null,"categories":null,"content":"The aim of this research theme is to try to empower quadrupedal robot two point feet walking using existing gradient-based, reinforcement learning, meta-heuristic-based algorithms, etc. Currently, ongoing!\n","date":1659398400,"expirydate":-62135596800,"kind":"page","lang":"en","lastmod":1659398400,"objectID":"946b9689ccc7287a2591dda1ea0b5b53","permalink":"https://linzhuyue.github.io/research/quadruped_two_leg_walking/","publishdate":"2022-08-02T00:00:00Z","relpermalink":"/research/quadruped_two_leg_walking/","section":"research","summary":"A research topic focus on using optimization approaches to give quadruped robot two point feet walking ability.","tags":["Optimal Control","Quadruped Robot","Reinforcement Learning","Bipedal Robot"],"title":"Quadruped robot walking like lizard with two point feet","type":"research"},{"authors":["zhitao Song","Linzhu Yue","Guangli Sun","Hongsuo Wei","Yihu Ling","Linhai Gui","Yunhui Liu"],"categories":null,"content":"","date":1658707200,"expirydate":-62135596800,"kind":"page","lang":"en","lastmod":1658707200,"objectID":"31c3fdbde385f45ae0f282ac2c7a65a7","permalink":"https://linzhuyue.github.io/publication/offline_jumping/","publishdate":"2022-07-25T00:00:00Z","relpermalink":"/publication/offline_jumping/","section":"publication","summary":"Heuristic-based offline jumping framework","tags":[],"title":"An Optimal Motion Planning Framework for Quadruped Jumping","type":"publication"},{"authors":["Yang Zhou","Peng Li","Zefeng Ye","Linzhu Yue","Linhai Gui","Jiang Xin","Xiang Li","Yunhui Liu"],"categories":null,"content":"","date":1655769600,"expirydate":-62135596800,"kind":"page","lang":"en","lastmod":1655769600,"objectID":"d51c4f16d44f6a779ce33f5f2dc5c4f6","permalink":"https://linzhuyue.github.io/publication/zhouyang_jfr/","publishdate":"2022-06-21T00:00:00Z","relpermalink":"/publication/zhouyang_jfr/","section":"publication","summary":"Painting Robot","tags":[],"title":"Building information modeling‐based 3D reconstruction and coverage planning enabled automatic painting of interior walls using a novel painting robot in construction","type":"publication"},{"authors":null,"categories":null,"content":"The aim of this research theme is to try to empower quadrupedal robot or bipedal robot jumping using existing gradient-based, reinforcement learning, meta-heuristic-based algorithms, etc. Currently, meta-heuristic-based online and offline jumping is implemented.\n","date":1645956000,"expirydate":-62135596800,"kind":"page","lang":"en","lastmod":1645956000,"objectID":"02dc8b8d3a37aa2861457ddb57c9cf29","permalink":"https://linzhuyue.github.io/research/offline_quadruped_jumping/","publishdate":"2022-02-27T10:00:00Z","relpermalink":"/research/offline_quadruped_jumping/","section":"research","summary":"A research topic focus on using optimization approaches to give legged robot jumping ability.","tags":["Optimal Control","Quadruped Robot","Reinforcement Learning","Bipedal Robot"],"title":"Quadruped jumping with optimal control","type":"research"},{"authors":null,"categories":null,"content":"Due to the lack of experienced labor and high-quality requirements, interior painting task calls for robotic solutions in the construction field. This paper presents a robotic system aiming for the automatic interior wall painting task. The new painting robot comprises an omnidirectional mobile base and a seven degrees-of-freedom (7-DOF) redundant manipulator consisting of a 6-DOF robot arm and a 1-DOF lifting mechanism to make the painting task more flexible. Further, a building information modeling-based three-dimensional (3D) reconstruction approach is used to obtain the complete 3D model of all walls in the interior environment for automatic painting. Moreover, we propose a two-stage coverage planning framework to automatically generate optimal mobile base paths and manipulator trajectories to paint the walls. In the proposed framework, the global planner plans the painting waypoints sequence optimally. The local planner generates the mobile base poses by a new evaluation function which both ensures coverage of all painting waypoints and optimizes robot paths length. The results of field tests showed that the whole painting robot system has high environment adaptability to paint interior walls automatically. Furthermore, the planning results can significantly reduce total robot paths length compared with the previous studies. The painting robot can automatically finish a painting of 46.3 in 59.3 min, and this performance verifies the proposed design and algorithms.\n","date":1564704000,"expirydate":-62135596800,"kind":"page","lang":"en","lastmod":1564704000,"objectID":"80bb22cc6dd4a16274ad4df1212c434a","permalink":"https://linzhuyue.github.io/research/construction_robot/","publishdate":"2019-08-02T00:00:00Z","relpermalink":"/research/construction_robot/","section":"research","summary":"A research topic focus on using mobile-based and 6 Dof manipulator to paint the indoor environment.","tags":["Optimal Control","Trajectory Planning"],"title":"Painting Robot in construction industry (RA Work)","type":"research"},{"authors":null,"categories":null,"content":"Lorem ipsum dolor sit amet, consectetur adipiscing elit. Duis posuere tellus ac convallis placerat. Proin tincidunt magna sed ex sollicitudin condimentum. Sed ac faucibus dolor, scelerisque sollicitudin nisi. Cras purus urna, suscipit quis sapien eu, pulvinar tempor diam. Quisque risus orci, mollis id ante sit amet, gravida egestas nisl. Sed ac tempus magna. Proin in dui enim. Donec condimentum, sem id dapibus fringilla, tellus enim condimentum arcu, nec volutpat est felis vel metus. Vestibulum sit amet erat at nulla eleifend gravida.\nNullam vel molestie justo. Curabitur vitae efficitur leo. In hac habitasse platea dictumst. Sed pulvinar mauris dui, eget varius purus congue ac. Nulla euismod, lorem vel elementum dapibus, nunc justo porta mi, sed tempus est est vel tellus. Nam et enim eleifend, laoreet sem sit amet, elementum sem. Morbi ut leo congue, maximus velit ut, finibus arcu. In et libero cursus, rutrum risus non, molestie leo. Nullam congue quam et volutpat malesuada. Sed risus tortor, pulvinar et dictum nec, sodales non mi. Phasellus lacinia commodo laoreet. Nam mollis, erat in feugiat consectetur, purus eros egestas tellus, in auctor urna odio at nibh. Mauris imperdiet nisi ac magna convallis, at rhoncus ligula cursus.\nCras aliquam rhoncus ipsum, in hendrerit nunc mattis vitae. Duis vitae efficitur metus, ac tempus leo. Cras nec fringilla lacus. Quisque sit amet risus at ipsum pharetra commodo. Sed aliquam mauris at consequat eleifend. Praesent porta, augue sed viverra bibendum, neque ante euismod ante, in vehicula justo lorem ac eros. Suspendisse augue libero, venenatis eget tincidunt ut, malesuada at lorem. Donec vitae bibendum arcu. Aenean maximus nulla non pretium iaculis. Quisque imperdiet, nulla in pulvinar aliquet, velit quam ultrices quam, sit amet fringilla leo sem vel nunc. Mauris in lacinia lacus.\nSuspendisse a tincidunt lacus. Curabitur at urna sagittis, dictum ante sit amet, euismod magna. Sed rutrum massa id tortor commodo, vitae elementum turpis tempus. Lorem ipsum dolor sit amet, consectetur adipiscing elit. Aenean purus turpis, venenatis a ullamcorper nec, tincidunt et massa. Integer posuere quam rutrum arcu vehicula imperdiet. Mauris ullamcorper quam vitae purus congue, quis euismod magna eleifend. Vestibulum semper vel augue eget tincidunt. Fusce eget justo sodales, dapibus odio eu, ultrices lorem. Duis condimentum lorem id eros commodo, in facilisis mauris scelerisque. Morbi sed auctor leo. Nullam volutpat a lacus quis pharetra. Nulla congue rutrum magna a ornare.\nAliquam in turpis accumsan, malesuada nibh ut, hendrerit justo. Cum sociis natoque penatibus et magnis dis parturient montes, nascetur ridiculus mus. Quisque sed erat nec justo posuere suscipit. Donec ut efficitur arcu, in malesuada neque. Nunc dignissim nisl massa, id vulputate nunc pretium nec. Quisque eget urna in risus suscipit ultricies. Pellentesque odio odio, tincidunt in eleifend sed, posuere a diam. Nam gravida nisl convallis semper elementum. Morbi vitae felis faucibus, vulputate orci placerat, aliquet nisi. Aliquam erat volutpat. Maecenas sagittis pulvinar purus, sed porta quam laoreet at.\n","date":1461715200,"expirydate":-62135596800,"kind":"page","lang":"en","lastmod":1461715200,"objectID":"e8f8d235e8e7f2efd912bfe865363fc3","permalink":"https://linzhuyue.github.io/project/example/","publishdate":"2016-04-27T00:00:00Z","relpermalink":"/project/example/","section":"project","summary":"An example of using the in-built project page.","tags":["Deep Learning"],"title":"Example Project","type":"project"}]