<?xml version="1.0" encoding="utf-8" standalone="yes" ?>
<rss version="2.0" xmlns:atom="http://www.w3.org/2005/Atom">
  <channel>
    <title>Quadruped Robot | Linzhu Yue</title>
    <link>https://linzhuyue.github.io/tag/quadruped-robot/</link>
      <atom:link href="https://linzhuyue.github.io/tag/quadruped-robot/index.xml" rel="self" type="application/rss+xml" />
    <description>Quadruped Robot</description>
    <generator>Wowchemy (https://wowchemy.com)</generator><language>en-us</language><lastBuildDate>Sat, 13 Aug 2022 00:00:00 +0000</lastBuildDate>
    <image>
      <url>https://linzhuyue.github.io/media/icon_hu04041fa2424d3f847c76b598ce521e02_94882_512x512_fill_lanczos_center_3.png</url>
      <title>Quadruped Robot</title>
      <link>https://linzhuyue.github.io/tag/quadruped-robot/</link>
    </image>
    
    <item>
      <title>I focus on research quadruped walking with two pint feet, recently.</title>
      <link>https://linzhuyue.github.io/post/two_leg_walking/</link>
      <pubDate>Sat, 13 Aug 2022 00:00:00 +0000</pubDate>
      <guid>https://linzhuyue.github.io/post/two_leg_walking/</guid>
      <description>&lt;h2 id=&#34;overview&#34;&gt;Overview&lt;/h2&gt;
&lt;ol&gt;
&lt;li&gt;Will be releasing soon.&lt;/li&gt;
&lt;/ol&gt;
</description>
    </item>
    
    <item>
      <title>Quadruped robot walking like lizard with two point feet</title>
      <link>https://linzhuyue.github.io/research/quadruped_two_leg_walking/</link>
      <pubDate>Tue, 02 Aug 2022 00:00:00 +0000</pubDate>
      <guid>https://linzhuyue.github.io/research/quadruped_two_leg_walking/</guid>
      <description>&lt;p&gt;The aim of this research theme is to try to empower quadrupedal robot two point feet walking using existing gradient-based, reinforcement learning, meta-heuristic-based algorithms, etc. Currently, ongoing!&lt;/p&gt;
</description>
    </item>
    
    <item>
      <title>Quadruped jumping with optimal control</title>
      <link>https://linzhuyue.github.io/research/offline_quadruped_jumping/</link>
      <pubDate>Sun, 27 Feb 2022 10:00:00 +0000</pubDate>
      <guid>https://linzhuyue.github.io/research/offline_quadruped_jumping/</guid>
      <description>&lt;p&gt;The aim of this research theme is to try to empower quadrupedal robot or bipedal robot jumping using existing gradient-based, reinforcement learning, meta-heuristic-based algorithms, etc. Currently, meta-heuristic-based online and offline jumping is implemented.&lt;/p&gt;
</description>
    </item>
    
  </channel>
</rss>
