<?xml version="1.0" encoding="utf-8" standalone="yes" ?>
<rss version="2.0" xmlns:atom="http://www.w3.org/2005/Atom">
  <channel>
    <title>Tags | Linzhu Yue</title>
    <link>https://linzhuyue.github.io/tags/</link>
      <atom:link href="https://linzhuyue.github.io/tags/index.xml" rel="self" type="application/rss+xml" />
    <description>Tags</description>
    <generator>Wowchemy (https://wowchemy.com)</generator><language>en-us</language><lastBuildDate>Sat, 13 Aug 2022 00:00:00 +0000</lastBuildDate>
    <image>
      <url>https://linzhuyue.github.io/media/icon_hu04041fa2424d3f847c76b598ce521e02_94882_512x512_fill_lanczos_center_3.png</url>
      <title>Tags</title>
      <link>https://linzhuyue.github.io/tags/</link>
    </image>
    
  </channel>
</rss>
